ID,English,Spanish,Catalan,Portuguese,Italian,French,German,Russian,ChineseTraditional,Korean,Japanese
AbudefdufLorenzi,Black-tail sergeant,Black-tail sergeant,Black-tail sergeant,Black-tail sergeant,Black-tail sergeant,Black-tail sergeant,Black-tail sergeant,Black-tail sergeant,Black-tail sergeant,Black-tail sergeant,Black-tail sergeant
AbudefdufNotatus,Yellowtail sergeant,Yellowtail sergeant,Yellowtail sergeant,Yellowtail sergeant,Yellowtail sergeant,Yellowtail sergeant,Yellowtail sergeant,Yellowtail sergeant,Yellowtail sergeant,Yellowtail sergeant,Yellowtail sergeant
AcanthopagrusBifasciatus,Twobar seabream,Twobar seabream,Twobar seabream,Twobar seabream,Twobar seabream,Twobar seabream,Twobar seabream,Twobar seabream,Twobar seabream,Twobar seabream,Twobar seabream
AcanthurusAchilles,Achilles tang,Achilles tang,Achilles tang,Achilles tang,Achilles tang,Achilles tang,Achilles tang,Achilles tang,Achilles tang,Achilles tang,Achilles tang
AcanthurusGuttatus,Whitespotted surgeonfish,Whitespotted surgeonfish,Whitespotted surgeonfish,Whitespotted surgeonfish,Whitespotted surgeonfish,Whitespotted surgeonfish,Whitespotted surgeonfish,Whitespotted surgeonfish,Whitespotted surgeonfish,Whitespotted surgeonfish,Whitespotted surgeonfish
AcanthurusJaponicus,Japan surgeonfish,Japan surgeonfish,Japan surgeonfish,Japan surgeonfish,Japan surgeonfish,Japan surgeonfish,Japan surgeonfish,Japan surgeonfish,Japan surgeonfish,Japan surgeonfish,Japan surgeonfish
AcanthurusLeucosternon,Powderblue surgeonfish,Powderblue surgeonfish,Powderblue surgeonfish,Powderblue surgeonfish,Powderblue surgeonfish,Powderblue surgeonfish,Powderblue surgeonfish,Powderblue surgeonfish,Powderblue surgeonfish,Powderblue surgeonfish,Powderblue surgeonfish
AcanthurusNigricans,Whitecheek surgeonfish,Whitecheek surgeonfish,Whitecheek surgeonfish,Whitecheek surgeonfish,Whitecheek surgeonfish,Whitecheek surgeonfish,Whitecheek surgeonfish,Whitecheek surgeonfish,Whitecheek surgeonfish,Whitecheek surgeonfish,Whitecheek surgeonfish
AcanthurusPyroferus,Chocolate surgeonfish,Chocolate surgeonfish,Chocolate surgeonfish,Chocolate surgeonfish,Chocolate surgeonfish,Chocolate surgeonfish,Chocolate surgeonfish,Chocolate surgeonfish,Chocolate surgeonfish,Chocolate surgeonfish,Chocolate surgeonfish
AcanthurusTennentii,Doubleband surgeonfish,Doubleband surgeonfish,Doubleband surgeonfish,Doubleband surgeonfish,Doubleband surgeonfish,Doubleband surgeonfish,Doubleband surgeonfish,Doubleband surgeonfish,Doubleband surgeonfish,Doubleband surgeonfish,Doubleband surgeonfish
AcanthurusTriostegus,Convict surgeonfish,Convict surgeonfish,Convict surgeonfish,Convict surgeonfish,Convict surgeonfish,Convict surgeonfish,Convict surgeonfish,Convict surgeonfish,Convict surgeonfish,Convict surgeonfish,Convict surgeonfish
AcanthurusTristis,Indian Ocean mimic surgeonfish,Indian Ocean mimic surgeonfish,Indian Ocean mimic surgeonfish,Indian Ocean mimic surgeonfish,Indian Ocean mimic surgeonfish,Indian Ocean mimic surgeonfish,Indian Ocean mimic surgeonfish,Indian Ocean mimic surgeonfish,Indian Ocean mimic surgeonfish,Indian Ocean mimic surgeonfish,Indian Ocean mimic surgeonfish
AmblyglyphidodonAureus,Golden damselfish,Golden damselfish,Golden damselfish,Golden damselfish,Golden damselfish,Golden damselfish,Golden damselfish,Golden damselfish,Golden damselfish,Golden damselfish,Golden damselfish
AmblyglyphidodonFlavilatus,Yellowfin damsel,Yellowfin damsel,Yellowfin damsel,Yellowfin damsel,Yellowfin damsel,Yellowfin damsel,Yellowfin damsel,Yellowfin damsel,Yellowfin damsel,Yellowfin damsel,Yellowfin damsel
AmblyglyphidodonIndicus,Maldives damselfish,Maldives damselfish,Maldives damselfish,Maldives damselfish,Maldives damselfish,Maldives damselfish,Maldives damselfish,Maldives damselfish,Maldives damselfish,Maldives damselfish,Maldives damselfish
AmphiprionFrenatus,Tomato clownfish,Tomato clownfish,Tomato clownfish,Tomato clownfish,Tomato clownfish,Tomato clownfish,Tomato clownfish,Tomato clownfish,Tomato clownfish,Tomato clownfish,Tomato clownfish
AmphiprionMelanopus,Fire clownfish,Fire clownfish,Fire clownfish,Fire clownfish,Fire clownfish,Fire clownfish,Fire clownfish,Fire clownfish,Fire clownfish,Fire clownfish,Fire clownfish
AmphiprionOcellaris,Clown anemonefish,Clown anemonefish,Clown anemonefish,Clown anemonefish,Clown anemonefish,Clown anemonefish,Clown anemonefish,Clown anemonefish,Clown anemonefish,Clown anemonefish,Clown anemonefish
AmphiprionPolymnus,Saddleback clownfish,Saddleback clownfish,Saddleback clownfish,Saddleback clownfish,Saddleback clownfish,Saddleback clownfish,Saddleback clownfish,Saddleback clownfish,Saddleback clownfish,Saddleback clownfish,Saddleback clownfish
AnampsesTwistii,Yellowbreasted wrasse,Yellowbreasted wrasse,Yellowbreasted wrasse,Yellowbreasted wrasse,Yellowbreasted wrasse,Yellowbreasted wrasse,Yellowbreasted wrasse,Yellowbreasted wrasse,Yellowbreasted wrasse,Yellowbreasted wrasse,Yellowbreasted wrasse
BodianusAnthioides,Lyretail hogfish,Lyretail hogfish,Lyretail hogfish,Lyretail hogfish,Lyretail hogfish,Lyretail hogfish,Lyretail hogfish,Lyretail hogfish,Lyretail hogfish,Lyretail hogfish,Lyretail hogfish
BodianusOpercularis,Blackspot hogfish,Blackspot hogfish,Blackspot hogfish,Blackspot hogfish,Blackspot hogfish,Blackspot hogfish,Blackspot hogfish,Blackspot hogfish,Blackspot hogfish,Blackspot hogfish,Blackspot hogfish
CentropygeBispinosa,Twospined angelfish,Twospined angelfish,Twospined angelfish,Twospined angelfish,Twospined angelfish,Twospined angelfish,Twospined angelfish,Twospined angelfish,Twospined angelfish,Twospined angelfish,Twospined angelfish
CentropygeEibli,Blacktail angelfish,Blacktail angelfish,Blacktail angelfish,Blacktail angelfish,Blacktail angelfish,Blacktail angelfish,Blacktail angelfish,Blacktail angelfish,Blacktail angelfish,Blacktail angelfish,Blacktail angelfish
CentropygeFlavissima,Lemonpeel angelfish,Lemonpeel angelfish,Lemonpeel angelfish,Lemonpeel angelfish,Lemonpeel angelfish,Lemonpeel angelfish,Lemonpeel angelfish,Lemonpeel angelfish,Lemonpeel angelfish,Lemonpeel angelfish,Lemonpeel angelfish
CentropygeLoriculus,Flame angel,Flame angel,Flame angel,Flame angel,Flame angel,Flame angel,Flame angel,Flame angel,Flame angel,Flame angel,Flame angel
CentropygePotteri,Russet angelfish,Russet angelfish,Russet angelfish,Russet angelfish,Russet angelfish,Russet angelfish,Russet angelfish,Russet angelfish,Russet angelfish,Russet angelfish,Russet angelfish
CentropygeVrolikii,Pearlscale angelfish,Pearlscale angelfish,Pearlscale angelfish,Pearlscale angelfish,Pearlscale angelfish,Pearlscale angelfish,Pearlscale angelfish,Pearlscale angelfish,Pearlscale angelfish,Pearlscale angelfish,Pearlscale angelfish
ChaetodonAdiergastos,Philippine butterflyfish,Philippine butterflyfish,Philippine butterflyfish,Philippine butterflyfish,Philippine butterflyfish,Philippine butterflyfish,Philippine butterflyfish,Philippine butterflyfish,Philippine butterflyfish,Philippine butterflyfish,Philippine butterflyfish
ChaetodonAustriacus,Blacktail butterflyfish,Blacktail butterflyfish,Blacktail butterflyfish,Blacktail butterflyfish,Blacktail butterflyfish,Blacktail butterflyfish,Blacktail butterflyfish,Blacktail butterflyfish,Blacktail butterflyfish,Blacktail butterflyfish,Blacktail butterflyfish
ChaetodonBennetti,Bluelashed butterflyfish,Bluelashed butterflyfish,Bluelashed butterflyfish,Bluelashed butterflyfish,Bluelashed butterflyfish,Bluelashed butterflyfish,Bluelashed butterflyfish,Bluelashed butterflyfish,Bluelashed butterflyfish,Bluelashed butterflyfish,Bluelashed butterflyfish
ChaetodonFlavirostris,Black butterflyfish,Black butterflyfish,Black butterflyfish,Black butterflyfish,Black butterflyfish,Black butterflyfish,Black butterflyfish,Black butterflyfish,Black butterflyfish,Black butterflyfish,Black butterflyfish
ChaetodonFremblii,Bluestriped butterflyfish,Bluestriped butterflyfish,Bluestriped butterflyfish,Bluestriped butterflyfish,Bluestriped butterflyfish,Bluestriped butterflyfish,Bluestriped butterflyfish,Bluestriped butterflyfish,Bluestriped butterflyfish,Bluestriped butterflyfish,Bluestriped butterflyfish
ChaetodonKleinii,Sunburst butterflyfish,Sunburst butterflyfish,Sunburst butterflyfish,Sunburst butterflyfish,Sunburst butterflyfish,Sunburst butterflyfish,Sunburst butterflyfish,Sunburst butterflyfish,Sunburst butterflyfish,Sunburst butterflyfish,Sunburst butterflyfish
ChaetodonLunulatus,Oval butterflyfish,Oval butterflyfish,Oval butterflyfish,Oval butterflyfish,Oval butterflyfish,Oval butterflyfish,Oval butterflyfish,Oval butterflyfish,Oval butterflyfish,Oval butterflyfish,Oval butterflyfish
ChaetodonMelannotus,Blackback butterflyfish,Blackback butterflyfish,Blackback butterflyfish,Blackback butterflyfish,Blackback butterflyfish,Blackback butterflyfish,Blackback butterflyfish,Blackback butterflyfish,Blackback butterflyfish,Blackback butterflyfish,Blackback butterflyfish
ChaetodonMelapterus,Arabian butterflyfish,Arabian butterflyfish,Arabian butterflyfish,Arabian butterflyfish,Arabian butterflyfish,Arabian butterflyfish,Arabian butterflyfish,Arabian butterflyfish,Arabian butterflyfish,Arabian butterflyfish,Arabian butterflyfish
ChaetodonMeyeri,Scrawled butterflyfish,Scrawled butterflyfish,Scrawled butterflyfish,Scrawled butterflyfish,Scrawled butterflyfish,Scrawled butterflyfish,Scrawled butterflyfish,Scrawled butterflyfish,Scrawled butterflyfish,Scrawled butterflyfish,Scrawled butterflyfish
ChaetodonMiliaris,Millet butterflyfish,Millet butterflyfish,Millet butterflyfish,Millet butterflyfish,Millet butterflyfish,Millet butterflyfish,Millet butterflyfish,Millet butterflyfish,Millet butterflyfish,Millet butterflyfish,Millet butterflyfish
ChaetodonOctofasciatus,Eightband butterflyfish,Eightband butterflyfish,Eightband butterflyfish,Eightband butterflyfish,Eightband butterflyfish,Eightband butterflyfish,Eightband butterflyfish,Eightband butterflyfish,Eightband butterflyfish,Eightband butterflyfish,Eightband butterflyfish
ChaetodonOrnatissimus,Ornate butterflyfish,Ornate butterflyfish,Ornate butterflyfish,Ornate butterflyfish,Ornate butterflyfish,Ornate butterflyfish,Ornate butterflyfish,Ornate butterflyfish,Ornate butterflyfish,Ornate butterflyfish,Ornate butterflyfish
ChaetodonRainfordi,Rainford's butterflyfish,Rainford's butterflyfish,Rainford's butterflyfish,Rainford's butterflyfish,Rainford's butterflyfish,Rainford's butterflyfish,Rainford's butterflyfish,Rainford's butterflyfish,Rainford's butterflyfish,Rainford's butterflyfish,Rainford's butterflyfish
ChaetodonReticulatus,Mailed butterflyfish,Mailed butterflyfish,Mailed butterflyfish,Mailed butterflyfish,Mailed butterflyfish,Mailed butterflyfish,Mailed butterflyfish,Mailed butterflyfish,Mailed butterflyfish,Mailed butterflyfish,Mailed butterflyfish
ChaetodontoplusPersonifer,Blueface angelfish,Blueface angelfish,Blueface angelfish,Blueface angelfish,Blueface angelfish,Blueface angelfish,Blueface angelfish,Blueface angelfish,Blueface angelfish,Blueface angelfish,Blueface angelfish
ChromisAtripectoralis,Black-axil chromis,Black-axil chromis,Black-axil chromis,Black-axil chromis,Black-axil chromis,Black-axil chromis,Black-axil chromis,Black-axil chromis,Black-axil chromis,Black-axil chromis,Black-axil chromis
CtenochaetusStrigosus,Spotted surgeonfish,Spotted surgeonfish,Spotted surgeonfish,Spotted surgeonfish,Spotted surgeonfish,Spotted surgeonfish,Spotted surgeonfish,Spotted surgeonfish,Spotted surgeonfish,Spotted surgeonfish,Spotted surgeonfish
DascyllusAruanus,Whitetail dascyllus,Whitetail dascyllus,Whitetail dascyllus,Whitetail dascyllus,Whitetail dascyllus,Whitetail dascyllus,Whitetail dascyllus,Whitetail dascyllus,Whitetail dascyllus,Whitetail dascyllus,Whitetail dascyllus
DascyllusCarneus,Cloudy dascyllus,Cloudy dascyllus,Cloudy dascyllus,Cloudy dascyllus,Cloudy dascyllus,Cloudy dascyllus,Cloudy dascyllus,Cloudy dascyllus,Cloudy dascyllus,Cloudy dascyllus,Cloudy dascyllus
DascyllusTrimaculatus,Threespot dascyllus,Threespot dascyllus,Threespot dascyllus,Threespot dascyllus,Threespot dascyllus,Threespot dascyllus,Threespot dascyllus,Threespot dascyllus,Threespot dascyllus,Threespot dascyllus,Threespot dascyllus
EchidnaPolyzona,Barred moray,Barred moray,Barred moray,Barred moray,Barred moray,Barred moray,Barred moray,Barred moray,Barred moray,Barred moray,Barred moray
EnchelycorePardalis,Leopard moray eel,Leopard moray eel,Leopard moray eel,Leopard moray eel,Leopard moray eel,Leopard moray eel,Leopard moray eel,Leopard moray eel,Leopard moray eel,Leopard moray eel,Leopard moray eel
EnchelycoreRamosa,Mosaic moray,Mosaic moray,Mosaic moray,Mosaic moray,Mosaic moray,Mosaic moray,Mosaic moray,Mosaic moray,Mosaic moray,Mosaic moray,Mosaic moray
GenicanthusCaudovittatusMale,Zebra angelfish Male,Zebra angelfish Male,Zebra angelfish Male,Zebra angelfish Male,Zebra angelfish Male,Zebra angelfish Male,Zebra angelfish Male,Zebra angelfish Male,Zebra angelfish Male,Zebra angelfish Male,Zebra angelfish Male
GenicanthusCaudovittatusFemale,Zebra angelfish Female,Zebra angelfish Female,Zebra angelfish Female,Zebra angelfish Female,Zebra angelfish Female,Zebra angelfish Female,Zebra angelfish Female,Zebra angelfish Female,Zebra angelfish Female,Zebra angelfish Female,Zebra angelfish Female
GenicanthusLamarck,Blackstriped angelfish,Blackstriped angelfish,Blackstriped angelfish,Blackstriped angelfish,Blackstriped angelfish,Blackstriped angelfish,Blackstriped angelfish,Blackstriped angelfish,Blackstriped angelfish,Blackstriped angelfish,Blackstriped angelfish
GymnothoraxJavanicus,Giant moray,Giant moray,Giant moray,Giant moray,Giant moray,Giant moray,Giant moray,Giant moray,Giant moray,Giant moray,Giant moray
HeteropriacanthusCruentatus,Glasseye,Glasseye,Glasseye,Glasseye,Glasseye,Glasseye,Glasseye,Glasseye,Glasseye,Glasseye,Glasseye
HippocampusErectus,Lined seahorse,Lined seahorse,Lined seahorse,Lined seahorse,Lined seahorse,Lined seahorse,Lined seahorse,Lined seahorse,Lined seahorse,Lined seahorse,Lined seahorse
HippocampusGuttulatus,Long-snouted seahorse,Long-snouted seahorse,Long-snouted seahorse,Long-snouted seahorse,Long-snouted seahorse,Long-snouted seahorse,Long-snouted seahorse,Long-snouted seahorse,Long-snouted seahorse,Long-snouted seahorse,Long-snouted seahorse
HippocampusIngens,Pacific seahorse,Pacific seahorse,Pacific seahorse,Pacific seahorse,Pacific seahorse,Pacific seahorse,Pacific seahorse,Pacific seahorse,Pacific seahorse,Pacific seahorse,Pacific seahorse
HippocampusReidi,Longsnout seahorse,Longsnout seahorse,Longsnout seahorse,Longsnout seahorse,Longsnout seahorse,Longsnout seahorse,Longsnout seahorse,Longsnout seahorse,Longsnout seahorse,Longsnout seahorse,Longsnout seahorse
HolacanthusPasser,King angelfish,King angelfish,King angelfish,King angelfish,King angelfish,King angelfish,King angelfish,King angelfish,King angelfish,King angelfish,King angelfish
HoplolatilusFourmanoiri,Yellow-spotted tilefish,Yellow-spotted tilefish,Yellow-spotted tilefish,Yellow-spotted tilefish,Yellow-spotted tilefish,Yellow-spotted tilefish,Yellow-spotted tilefish,Yellow-spotted tilefish,Yellow-spotted tilefish,Yellow-spotted tilefish,Yellow-spotted tilefish
HoplolatilusMarcosi,Redback sand tilefish,Redback sand tilefish,Redback sand tilefish,Redback sand tilefish,Redback sand tilefish,Redback sand tilefish,Redback sand tilefish,Redback sand tilefish,Redback sand tilefish,Redback sand tilefish,Redback sand tilefish
HoplolatilusPurpureus,Purple sand tilefish,Purple sand tilefish,Purple sand tilefish,Purple sand tilefish,Purple sand tilefish,Purple sand tilefish,Purple sand tilefish,Purple sand tilefish,Purple sand tilefish,Purple sand tilefish,Purple sand tilefish
HoplolatilusStarcki,Stark's tilefish,Stark's tilefish,Stark's tilefish,Stark's tilefish,Stark's tilefish,Stark's tilefish,Stark's tilefish,Stark's tilefish,Stark's tilefish,Stark's tilefish,Stark's tilefish
MyripristisBotche,Blacktip soldierfish,Blacktip soldierfish,Blacktip soldierfish,Blacktip soldierfish,Blacktip soldierfish,Blacktip soldierfish,Blacktip soldierfish,Blacktip soldierfish,Blacktip soldierfish,Blacktip soldierfish,Blacktip soldierfish
ParacanthurusHepatus,Palette surgeonfish,Palette surgeonfish,Palette surgeonfish,Palette surgeonfish,Palette surgeonfish,Palette surgeonfish,Palette surgeonfish,Palette surgeonfish,Palette surgeonfish,Palette surgeonfish,Palette surgeonfish
ParacirrhitesArcatus,Arc-eye hawkfish,Arc-eye hawkfish,Arc-eye hawkfish,Arc-eye hawkfish,Arc-eye hawkfish,Arc-eye hawkfish,Arc-eye hawkfish,Arc-eye hawkfish,Arc-eye hawkfish,Arc-eye hawkfish,Arc-eye hawkfish
ParanthiasColonus,Pacific creole-fish,Pacific creole-fish,Pacific creole-fish,Pacific creole-fish,Pacific creole-fish,Pacific creole-fish,Pacific creole-fish,Pacific creole-fish,Pacific creole-fish,Pacific creole-fish,Pacific creole-fish
ParupeneusChrysopleuron,Yellow striped goatfish,Yellow striped goatfish,Yellow striped goatfish,Yellow striped goatfish,Yellow striped goatfish,Yellow striped goatfish,Yellow striped goatfish,Yellow striped goatfish,Yellow striped goatfish,Yellow striped goatfish,Yellow striped goatfish
PempherisVanicolensis,Vanikoro sweeper,Vanikoro sweeper,Vanikoro sweeper,Vanikoro sweeper,Vanikoro sweeper,Vanikoro sweeper,Vanikoro sweeper,Vanikoro sweeper,Vanikoro sweeper,Vanikoro sweeper,Vanikoro sweeper
PlectropomusLaevis,Blacksaddled coralgrouper,Blacksaddled coralgrouper,Blacksaddled coralgrouper,Blacksaddled coralgrouper,Blacksaddled coralgrouper,Blacksaddled coralgrouper,Blacksaddled coralgrouper,Blacksaddled coralgrouper,Blacksaddled coralgrouper,Blacksaddled coralgrouper,Blacksaddled coralgrouper
PomacanthusChrysurus,Goldtail angelfish,Goldtail angelfish,Goldtail angelfish,Goldtail angelfish,Goldtail angelfish,Goldtail angelfish,Goldtail angelfish,Goldtail angelfish,Goldtail angelfish,Goldtail angelfish,Goldtail angelfish
PomacanthusImperatorAdult,Emperor angelfish,Emperor angelfish,Emperor angelfish,Emperor angelfish,Emperor angelfish,Emperor angelfish,Emperor angelfish,Emperor angelfish,Emperor angelfish,Emperor angelfish,Emperor angelfish
PomacanthusImperatorJuvenile,Emperor angelfish,Emperor angelfish,Emperor angelfish,Emperor angelfish,Emperor angelfish,Emperor angelfish,Emperor angelfish,Emperor angelfish,Emperor angelfish,Emperor angelfish,Emperor angelfish
PomacentrusCaeruleus,Caerulean damsel,Caerulean damsel,Caerulean damsel,Caerulean damsel,Caerulean damsel,Caerulean damsel,Caerulean damsel,Caerulean damsel,Caerulean damsel,Caerulean damsel,Caerulean damsel
PomacentrusVaiuli,Ocellate damselfish,Ocellate damselfish,Ocellate damselfish,Ocellate damselfish,Ocellate damselfish,Ocellate damselfish,Ocellate damselfish,Ocellate damselfish,Ocellate damselfish,Ocellate damselfish,Ocellate damselfish
PriacanthusHamrur,Moontail bullseye,Moontail bullseye,Moontail bullseye,Moontail bullseye,Moontail bullseye,Moontail bullseye,Moontail bullseye,Moontail bullseye,Moontail bullseye,Moontail bullseye,Moontail bullseye
PseudanthiasPleurotaenia,Square-spot fairy basslet,Square-spot fairy basslet,Square-spot fairy basslet,Square-spot fairy basslet,Square-spot fairy basslet,Square-spot fairy basslet,Square-spot fairy basslet,Square-spot fairy basslet,Square-spot fairy basslet,Square-spot fairy basslet,Square-spot fairy basslet
PygoplitesDiacanthusAdult,Regal angelfish,Regal angelfish,Regal angelfish,Regal angelfish,Regal angelfish,Regal angelfish,Regal angelfish,Regal angelfish,Regal angelfish,Regal angelfish,Regal angelfish
SargocentronDiadema,Crown squirrelfish,Crown squirrelfish,Crown squirrelfish,Crown squirrelfish,Crown squirrelfish,Crown squirrelfish,Crown squirrelfish,Crown squirrelfish,Crown squirrelfish,Crown squirrelfish,Crown squirrelfish
TeraponJarbua,Jarbua terapon,Jarbua terapon,Jarbua terapon,Jarbua terapon,Jarbua terapon,Jarbua terapon,Jarbua terapon,Jarbua terapon,Jarbua terapon,Jarbua terapon,Jarbua terapon
ThalassomaLunare,Moon wrasse,Moon wrasse,Moon wrasse,Moon wrasse,Moon wrasse,Moon wrasse,Moon wrasse,Moon wrasse,Moon wrasse,Moon wrasse,Moon wrasse
ThalassomaQuinquevittatum,Fivestripe wrasse,Fivestripe wrasse,Fivestripe wrasse,Fivestripe wrasse,Fivestripe wrasse,Fivestripe wrasse,Fivestripe wrasse,Fivestripe wrasse,Fivestripe wrasse,Fivestripe wrasse,Fivestripe wrasse
UpeneusTragula,Freckled goatfish,Freckled goatfish,Freckled goatfish,Freckled goatfish,Freckled goatfish,Freckled goatfish,Freckled goatfish,Freckled goatfish,Freckled goatfish,Freckled goatfish,Freckled goatfish
VariolaLouti,Yellow-edged lyretail,Yellow-edged lyretail,Yellow-edged lyretail,Yellow-edged lyretail,Yellow-edged lyretail,Yellow-edged lyretail,Yellow-edged lyretail,Yellow-edged lyretail,Yellow-edged lyretail,Yellow-edged lyretail,Yellow-edged lyretail
ZebrasomaDesjardinii,Indian sail-fin surgeonfish,Indian sail-fin surgeonfish,Indian sail-fin surgeonfish,Indian sail-fin surgeonfish,Indian sail-fin surgeonfish,Indian sail-fin surgeonfish,Indian sail-fin surgeonfish,Indian sail-fin surgeonfish,Indian sail-fin surgeonfish,Indian sail-fin surgeonfish,Indian sail-fin surgeonfish
ZebrasomaFlavescens,Yellow tang,Yellow tang,Yellow tang,Yellow tang,Yellow tang,Yellow tang,Yellow tang,Yellow tang,Yellow tang,Yellow tang,Yellow tang
ZebrasomaScopas,Twotone tang,Twotone tang,Twotone tang,Twotone tang,Twotone tang,Twotone tang,Twotone tang,Twotone tang,Twotone tang,Twotone tang,Twotone tang
ZebrasomaVeliferumAdult,Sailfin tang,Sailfin tang,Sailfin tang,Sailfin tang,Sailfin tang,Sailfin tang,Sailfin tang,Sailfin tang,Sailfin tang,Sailfin tang,Sailfin tang
ZebrasomaXanthurum,Yellowtail tang,Yellowtail tang,Yellowtail tang,Yellowtail tang,Yellowtail tang,Yellowtail tang,Yellowtail tang,Yellowtail tang,Yellowtail tang,Yellowtail tang,Yellowtail tang
AcroporaCervicornis,Staghorn coral,Staghorn coral,Staghorn coral,Staghorn coral,Staghorn coral,Staghorn coral,Staghorn coral,Staghorn coral,Staghorn coral,Staghorn coral,Staghorn coral
AcroporaHorrida,Blue staghorn,Blue staghorn,Blue staghorn,Blue staghorn,Blue staghorn,Blue staghorn,Blue staghorn,Blue staghorn,Blue staghorn,Blue staghorn,Blue staghorn
AcroporaHumilis,Finger coral,Finger coral,Finger coral,Finger coral,Finger coral,Finger coral,Finger coral,Finger coral,Finger coral,Finger coral,Finger coral
AcroporaRobusta,Green robusta,Green robusta,Green robusta,Green robusta,Green robusta,Green robusta,Green robusta,Green robusta,Green robusta,Green robusta,Green robusta
CerianthusMembranaceus,Tube dwelling anemone,Tube dwelling anemone,Tube dwelling anemone,Tube dwelling anemone,Tube dwelling anemone,Tube dwelling anemone,Tube dwelling anemone,Tube dwelling anemone,Tube dwelling anemone,Tube dwelling anemone,Tube dwelling anemone
CryptodendrumAdhaesivum,Adhesive anemone,Adhesive anemone,Adhesive anemone,Adhesive anemone,Adhesive anemone,Adhesive anemone,Adhesive anemone,Adhesive anemone,Adhesive anemone,Adhesive anemone,Adhesive anemone
DiploriaStrigosa,Symmetrical brain coral,Symmetrical brain coral,Symmetrical brain coral,Symmetrical brain coral,Symmetrical brain coral,Symmetrical brain coral,Symmetrical brain coral,Symmetrical brain coral,Symmetrical brain coral,Symmetrical brain coral,Symmetrical brain coral
DiscosomaCarlgreni,Forked-tentacle corallimorpharian,Forked-tentacle corallimorpharian,Forked-tentacle corallimorpharian,Forked-tentacle corallimorpharian,Forked-tentacle corallimorpharian,Forked-tentacle corallimorpharian,Forked-tentacle corallimorpharian,Forked-tentacle corallimorpharian,Forked-tentacle corallimorpharian,Forked-tentacle corallimorpharian,Forked-tentacle corallimorpharian
DiscosomaMalaccensis,Green Metallic Mushroom,Green Metallic Mushroom,Green Metallic Mushroom,Green Metallic Mushroom,Green Metallic Mushroom,Green Metallic Mushroom,Green Metallic Mushroom,Green Metallic Mushroom,Green Metallic Mushroom,Green Metallic Mushroom,Green Metallic Mushroom
DiscosomaMutabilis,Speckled Mushroom,Speckled Mushroom,Speckled Mushroom,Speckled Mushroom,Speckled Mushroom,Speckled Mushroom,Speckled Mushroom,Speckled Mushroom,Speckled Mushroom,Speckled Mushroom,Speckled Mushroom
DiscosomaSp,Red Striped Mushroom,Red Striped Mushroom,Red Striped Mushroom,Red Striped Mushroom,Red Striped Mushroom,Red Striped Mushroom,Red Striped Mushroom,Red Striped Mushroom,Red Striped Mushroom,Red Striped Mushroom,Red Striped Mushroom
DistichoporaViolacea,lace coral,lace coral,lace coral,lace coral,lace coral,lace coral,lace coral,lace coral,lace coral,lace coral,lace coral
FavitesRotundata,Favia Oken,Favia Oken,Favia Oken,Favia Oken,Favia Oken,Favia Oken,Favia Oken,Favia Oken,Favia Oken,Favia Oken,Favia Oken
GorgoniaFlabellum,Venus sea fan,Venus sea fan,Venus sea fan,Venus sea fan,Venus sea fan,Venus sea fan,Venus sea fan,Venus sea fan,Venus sea fan,Venus sea fan,Venus sea fan
HelioporaCoerulea,Indo-Pacific blue coral,Indo-Pacific blue coral,Indo-Pacific blue coral,Indo-Pacific blue coral,Indo-Pacific blue coral,Indo-Pacific blue coral,Indo-Pacific blue coral,Indo-Pacific blue coral,Indo-Pacific blue coral,Indo-Pacific blue coral,Indo-Pacific blue coral
HeteractisCrispa,Leathery sea anemone,Leathery sea anemone,Leathery sea anemone,Leathery sea anemone,Leathery sea anemone,Leathery sea anemone,Leathery sea anemone,Leathery sea anemone,Leathery sea anemone,Leathery sea anemone,Leathery sea anemone
EntacmaeaQuadricolor,Bulb-tentacle Sea Anemone,Bulb-tentacle Sea Anemone,Bulb-tentacle Sea Anemone,Bulb-tentacle Sea Anemone,Bulb-tentacle Sea Anemone,Bulb-tentacle Sea Anemone,Bulb-tentacle Sea Anemone,Bulb-tentacle Sea Anemone,Bulb-tentacle Sea Anemone,Bulb-tentacle Sea Anemone,Bulb-tentacle Sea Anemone
PocilloporaVerrucosa,Rasp coral,Rasp coral,Rasp coral,Rasp coral,Rasp coral,Rasp coral,Rasp coral,Rasp coral,Rasp coral,Rasp coral,Rasp coral
PodabaciaCrustacea,Bracket coral,Bracket coral,Bracket coral,Bracket coral,Bracket coral,Bracket coral,Bracket coral,Bracket coral,Bracket coral,Bracket coral,Bracket coral
PodabaciaSinai,Bracket coral,Bracket coral,Bracket coral,Bracket coral,Bracket coral,Bracket coral,Bracket coral,Bracket coral,Bracket coral,Bracket coral,Bracket coral
PoritesNodifera,Dome coral,Dome coral,Dome coral,Dome coral,Dome coral,Dome coral,Dome coral,Dome coral,Dome coral,Dome coral,Dome coral
PoritesProfundus,Club tip finger coral,Club tip finger coral,Club tip finger coral,Club tip finger coral,Club tip finger coral,Club tip finger coral,Club tip finger coral,Club tip finger coral,Club tip finger coral,Club tip finger coral,Club tip finger coral
SarcophytonElegans,Leather-soft mushroom,Leather-soft mushroom,Leather-soft mushroom,Leather-soft mushroom,Leather-soft mushroom,Leather-soft mushroom,Leather-soft mushroom,Leather-soft mushroom,Leather-soft mushroom,Leather-soft mushroom,Leather-soft mushroom
TurbinariaPeltata,Pagoda coral,Pagoda coral,Pagoda coral,Pagoda coral,Pagoda coral,Pagoda coral,Pagoda coral,Pagoda coral,Pagoda coral,Pagoda coral,Pagoda coral
EunicellaCavolini,Sea fan,Sea fan,Sea fan,Sea fan,Sea fan,Sea fan,Sea fan,Sea fan,Sea fan,Sea fan,Sea fan
AcalycigorgiaInermis,Spiny sea fan,Spiny sea fan,Spiny sea fan,Spiny sea fan,Spiny sea fan,Spiny sea fan,Spiny sea fan,Spiny sea fan,Spiny sea fan,Spiny sea fan,Spiny sea fan
SwiftiaExserta,Red polyp octocoral,Red polyp octocoral,Red polyp octocoral,Red polyp octocoral,Red polyp octocoral,Red polyp octocoral,Red polyp octocoral,Red polyp octocoral,Red polyp octocoral,Red polyp octocoral,Red polyp octocoral
AnnellaMollis,Gorgonian fan,Gorgonian fan,Gorgonian fan,Gorgonian fan,Gorgonian fan,Gorgonian fan,Gorgonian fan,Gorgonian fan,Gorgonian fan,Gorgonian fan,Gorgonian fan
AcroporaBushyensis,Bushy acropora,Bushy acropora,Bushy acropora,Bushy acropora,Bushy acropora,Bushy acropora,Bushy acropora,Bushy acropora,Bushy acropora,Bushy acropora,Bushy acropora
AcroporaCaroliniana,Table coral,Table coral,Table coral,Table coral,Table coral,Table coral,Table coral,Table coral,Table coral,Table coral,Table coral
AcroporaHyacinthus,Brush coral,Brush coral,Brush coral,Brush coral,Brush coral,Brush coral,Brush coral,Brush coral,Brush coral,Brush coral,Brush coral
HeteractisAurora,Beaded sea anemone,Beaded sea anemone,Beaded sea anemone,Beaded sea anemone,Beaded sea anemone,Beaded sea anemone,Beaded sea anemone,Beaded sea anemone,Beaded sea anemone,Beaded sea anemone,Beaded sea anemone
StomphiaDidemon,Cowardly anemone,Cowardly anemone,Cowardly anemone,Cowardly anemone,Cowardly anemone,Cowardly anemone,Cowardly anemone,Cowardly anemone,Cowardly anemone,Cowardly anemone,Cowardly anemone
HeteractisMalu,Delicate sea anemone,Delicate sea anemone,Delicate sea anemone,Delicate sea anemone,Delicate sea anemone,Delicate sea anemone,Delicate sea anemone,Delicate sea anemone,Delicate sea anemone,Delicate sea anemone,Delicate sea anemone
RadianthuMagnificas,Magnificent sea anemone,Magnificent sea anemone,Magnificent sea anemone,Magnificent sea anemone,Magnificent sea anemone,Magnificent sea anemone,Magnificent sea anemone,Magnificent sea anemone,Magnificent sea anemone,Magnificent sea anemone,Magnificent sea anemone
AnthopleuraXanthogrammica,Giant green anemone,Giant green anemone,Giant green anemone,Giant green anemone,Giant green anemone,Giant green anemone,Giant green anemone,Giant green anemone,Giant green anemone,Giant green anemone,Giant green anemone
AnthopleuraSola,Sun anemone,Sun anemone,Sun anemone,Sun anemone,Sun anemone,Sun anemone,Sun anemone,Sun anemone,Sun anemone,Sun anemone,Sun anemone
AnthopleuraElegantissima,Clonal anemone,Clonal anemone,Clonal anemone,Clonal anemone,Clonal anemone,Clonal anemone,Clonal anemone,Clonal anemone,Clonal anemone,Clonal anemone,Clonal anemone
AnthopleuraMichaelseni,Long-tentacled anemone,Long-tentacled anemone,Long-tentacled anemone,Long-tentacled anemone,Long-tentacled anemone,Long-tentacled anemone,Long-tentacled anemone,Long-tentacled anemone,Long-tentacled anemone,Long-tentacled anemone,Long-tentacled anemone
AstropectenArticulatus,Royal sea star,Royal sea star,Royal sea star,Royal sea star,Royal sea star,Royal sea star,Royal sea star,Royal sea star,Royal sea star,Royal sea star,Royal sea star
CulcitaSchmideliana,Pincushion starfish,Pincushion starfish,Pincushion starfish,Pincushion starfish,Pincushion starfish,Pincushion starfish,Pincushion starfish,Pincushion starfish,Pincushion starfish,Pincushion starfish,Pincushion starfish
DavidasterRubiginosus,Striped feather star,Striped feather star,Striped feather star,Striped feather star,Striped feather star,Striped feather star,Striped feather star,Striped feather star,Striped feather star,Striped feather star,Striped feather star
DiademaSetosum,Porcupine sea urchin,Porcupine sea urchin,Porcupine sea urchin,Porcupine sea urchin,Porcupine sea urchin,Porcupine sea urchin,Porcupine sea urchin,Porcupine sea urchin,Porcupine sea urchin,Porcupine sea urchin,Porcupine sea urchin
EchinometraMathaei,Rock-boring urchin,Rock-boring urchin,Rock-boring urchin,Rock-boring urchin,Rock-boring urchin,Rock-boring urchin,Rock-boring urchin,Rock-boring urchin,Rock-boring urchin,Rock-boring urchin,Rock-boring urchin
EchinothrixDiadema,Blue-black sea urchin,Blue-black sea urchin,Blue-black sea urchin,Blue-black sea urchin,Blue-black sea urchin,Blue-black sea urchin,Blue-black sea urchin,Blue-black sea urchin,Blue-black sea urchin,Blue-black sea urchin,Blue-black sea urchin
EvasteriasTroscheli,Mottled star,Mottled star,Mottled star,Mottled star,Mottled star,Mottled star,Mottled star,Mottled star,Mottled star,Mottled star,Mottled star
FromiaMonilis,Peppermint sea star,Peppermint sea star,Peppermint sea star,Peppermint sea star,Peppermint sea star,Peppermint sea star,Peppermint sea star,Peppermint sea star,Peppermint sea star,Peppermint sea star,Peppermint sea star
HeterocentrotusMammillatusBrown,Red pencil urchin,Red pencil urchin,Red pencil urchin,Red pencil urchin,Red pencil urchin,Red pencil urchin,Red pencil urchin,Red pencil urchin,Red pencil urchin,Red pencil urchin,Red pencil urchin
HeterocentrotusMammillatusRed,Red pencil urchin,Red pencil urchin,Red pencil urchin,Red pencil urchin,Red pencil urchin,Red pencil urchin,Red pencil urchin,Red pencil urchin,Red pencil urchin,Red pencil urchin,Red pencil urchin
LinckiaLaevigata,Blue linckia,Blue linckia,Blue linckia,Blue linckia,Blue linckia,Blue linckia,Blue linckia,Blue linckia,Blue linckia,Blue linckia,Blue linckia
LinckiaMultiflora,Spotted Linckia,Spotted Linckia,Spotted Linckia,Spotted Linckia,Spotted Linckia,Spotted Linckia,Spotted Linckia,Spotted Linckia,Spotted Linckia,Spotted Linckia,Spotted Linckia
LuidiaSenegalensis,Nine-armed sea star,Nine-armed sea star,Nine-armed sea star,Nine-armed sea star,Nine-armed sea star,Nine-armed sea star,Nine-armed sea star,Nine-armed sea star,Nine-armed sea star,Nine-armed sea star,Nine-armed sea star
OreasterReticulatus,Cushioned star,Cushioned star,Cushioned star,Cushioned star,Cushioned star,Cushioned star,Cushioned star,Cushioned star,Cushioned star,Cushioned star,Cushioned star
PentacerasterCumingi,Panamic cushion sea star,Panamic cushion sea star,Panamic cushion sea star,Panamic cushion sea star,Panamic cushion sea star,Panamic cushion sea star,Panamic cushion sea star,Panamic cushion sea star,Panamic cushion sea star,Panamic cushion sea star,Panamic cushion sea star
PentagonasterDuebeni,Red biscuit star,Red biscuit star,Red biscuit star,Red biscuit star,Red biscuit star,Red biscuit star,Red biscuit star,Red biscuit star,Red biscuit star,Red biscuit star,Red biscuit star
PisasterGiganteus,Giant spined star,Giant spined star,Giant spined star,Giant spined star,Giant spined star,Giant spined star,Giant spined star,Giant spined star,Giant spined star,Giant spined star,Giant spined star
ProtoreasterLinckii,African red knob sea star,African red knob sea star,African red knob sea star,African red knob sea star,African red knob sea star,African red knob sea star,African red knob sea star,African red knob sea star,African red knob sea star,African red knob sea star,African red knob sea star
ProtoreasterNodosus,Horned sea star,Horned sea star,Horned sea star,Horned sea star,Horned sea star,Horned sea star,Horned sea star,Horned sea star,Horned sea star,Horned sea star,Horned sea star
StrongylocentrotusFranciscanus,Red urchin,Red urchin,Red urchin,Red urchin,Red urchin,Red urchin,Red urchin,Red urchin,Red urchin,Red urchin,Red urchin
AequipectenOpercularis,Queen scallop,Queen scallop,Queen scallop,Queen scallop,Queen scallop,Queen scallop,Queen scallop,Queen scallop,Queen scallop,Queen scallop,Queen scallop
AmoriaEllioti,Elliot's volute,Elliot's volute,Elliot's volute,Elliot's volute,Elliot's volute,Elliot's volute,Elliot's volute,Elliot's volute,Elliot's volute,Elliot's volute,Elliot's volute
AporrhaisPespelecani,Pelican's foot,Pelican's foot,Pelican's foot,Pelican's foot,Pelican's foot,Pelican's foot,Pelican's foot,Pelican's foot,Pelican's foot,Pelican's foot,Pelican's foot
BithyniaTentaculata,Mud bithynia,Mud bithynia,Mud bithynia,Mud bithynia,Mud bithynia,Mud bithynia,Mud bithynia,Mud bithynia,Mud bithynia,Mud bithynia,Mud bithynia
BusycotypusSpiratus,Pearwhelk,Pearwhelk,Pearwhelk,Pearwhelk,Pearwhelk,Pearwhelk,Pearwhelk,Pearwhelk,Pearwhelk,Pearwhelk,Pearwhelk
CallistaChione,Brown venus,Brown venus,Brown venus,Brown venus,Brown venus,Brown venus,Brown venus,Brown venus,Brown venus,Brown venus,Brown venus
CharoniaCapax,Trumpet shell,Trumpet shell,Trumpet shell,Trumpet shell,Trumpet shell,Trumpet shell,Trumpet shell,Trumpet shell,Trumpet shell,Trumpet shell,Trumpet shell
CypraeaCaputserpentis,Serpent's head cowrie,Serpent's head cowrie,Serpent's head cowrie,Serpent's head cowrie,Serpent's head cowrie,Serpent's head cowrie,Serpent's head cowrie,Serpent's head cowrie,Serpent's head cowrie,Serpent's head cowrie,Serpent's head cowrie
HarpaMajor,Major harp,Major harp,Major harp,Major harp,Major harp,Major harp,Major harp,Major harp,Major harp,Major harp,Major harp
LambisLambis,Common spider conch,Common spider conch,Common spider conch,Common spider conch,Common spider conch,Common spider conch,Common spider conch,Common spider conch,Common spider conch,Common spider conch,Common spider conch
MeloMelo,Indian volute,Indian volute,Indian volute,Indian volute,Indian volute,Indian volute,Indian volute,Indian volute,Indian volute,Indian volute,Indian volute
MercenariaCampechiensis,Southern hardshell clam,Southern hardshell clam,Southern hardshell clam,Southern hardshell clam,Southern hardshell clam,Southern hardshell clam,Southern hardshell clam,Southern hardshell clam,Southern hardshell clam,Southern hardshell clam,Southern hardshell clam
MurexPecten,Venus comb murex,Venus comb murex,Venus comb murex,Venus comb murex,Venus comb murex,Venus comb murex,Venus comb murex,Venus comb murex,Venus comb murex,Venus comb murex,Venus comb murex
NautilusBelauensis,Palau nautilus,Palau nautilus,Palau nautilus,Palau nautilus,Palau nautilus,Palau nautilus,Palau nautilus,Palau nautilus,Palau nautilus,Palau nautilus,Palau nautilus
RimellopsisPowisii,Powis's tibia,Powis's tibia,Powis's tibia,Powis's tibia,Powis's tibia,Powis's tibia,Powis's tibia,Powis's tibia,Powis's tibia,Powis's tibia,Powis's tibia
StrombusAlatus,Florida fighting conch,Florida fighting conch,Florida fighting conch,Florida fighting conch,Florida fighting conch,Florida fighting conch,Florida fighting conch,Florida fighting conch,Florida fighting conch,Florida fighting conch,Florida fighting conch
StrombusListeri,Fighting conch,Fighting conch,Fighting conch,Fighting conch,Fighting conch,Fighting conch,Fighting conch,Fighting conch,Fighting conch,Fighting conch,Fighting conch
ThatcheriaMirabilis,Japanese Wonder Shell,Japanese Wonder Shell,Japanese Wonder Shell,Japanese Wonder Shell,Japanese Wonder Shell,Japanese Wonder Shell,Japanese Wonder Shell,Japanese Wonder Shell,Japanese Wonder Shell,Japanese Wonder Shell,Japanese Wonder Shell
TonnaAlanbeui,Costate tun,Costate tun,Costate tun,Costate tun,Costate tun,Costate tun,Costate tun,Costate tun,Costate tun,Costate tun,Costate tun
AristeusAntennatus,Blue and red shrimp,Blue and red shrimp,Blue and red shrimp,Blue and red shrimp,Blue and red shrimp,Blue and red shrimp,Blue and red shrimp,Blue and red shrimp,Blue and red shrimp,Blue and red shrimp,Blue and red shrimp
CancerPagurus,Edible crab,Edible crab,Edible crab,Edible crab,Edible crab,Edible crab,Edible crab,Edible crab,Edible crab,Edible crab,Edible crab
GeosesarmaDennerle,Vampirkrabbe,Vampirkrabbe,Vampirkrabbe,Vampirkrabbe,Vampirkrabbe,Vampirkrabbe,Vampirkrabbe,Vampirkrabbe,Vampirkrabbe,Vampirkrabbe,Vampirkrabbe
GeosesarmaNotophorum,Mandarin crab,Mandarin crab,Mandarin crab,Mandarin crab,Mandarin crab,Mandarin crab,Mandarin crab,Mandarin crab,Mandarin crab,Mandarin crab,Mandarin crab
HomarusAmericanus,American lobster,American lobster,American lobster,American lobster,American lobster,American lobster,American lobster,American lobster,American lobster,American lobster,American lobster
HomarusGammarus,European lobster,European lobster,European lobster,European lobster,European lobster,European lobster,European lobster,European lobster,European lobster,European lobster,European lobster
JasusEdwardsii,Red rock lobster,Red rock lobster,Red rock lobster,Red rock lobster,Red rock lobster,Red rock lobster,Red rock lobster,Red rock lobster,Red rock lobster,Red rock lobster,Red rock lobster
LitopenaeusOccidentalis,Western white shrimp,Western white shrimp,Western white shrimp,Western white shrimp,Western white shrimp,Western white shrimp,Western white shrimp,Western white shrimp,Western white shrimp,Western white shrimp,Western white shrimp
MelicertusMarginatus,Aloha prawn,Aloha prawn,Aloha prawn,Aloha prawn,Aloha prawn,Aloha prawn,Aloha prawn,Aloha prawn,Aloha prawn,Aloha prawn,Aloha prawn
NephropsNorvegicus,Norway lobster,Norway lobster,Norway lobster,Norway lobster,Norway lobster,Norway lobster,Norway lobster,Norway lobster,Norway lobster,Norway lobster,Norway lobster
OcypodeQuadrata,Atlantic ghost crab,Atlantic ghost crab,Atlantic ghost crab,Atlantic ghost crab,Atlantic ghost crab,Atlantic ghost crab,Atlantic ghost crab,Atlantic ghost crab,Atlantic ghost crab,Atlantic ghost crab,Atlantic ghost crab
PalinurusElephas,Common spiny lobster,Common spiny lobster,Common spiny lobster,Common spiny lobster,Common spiny lobster,Common spiny lobster,Common spiny lobster,Common spiny lobster,Common spiny lobster,Common spiny lobster,Common spiny lobster
PandalusBorealis,Northern shrimp,Northern shrimp,Northern shrimp,Northern shrimp,Northern shrimp,Northern shrimp,Northern shrimp,Northern shrimp,Northern shrimp,Northern shrimp,Northern shrimp
PandalusKessleri,Hokkai shrimp,Hokkai shrimp,Hokkai shrimp,Hokkai shrimp,Hokkai shrimp,Hokkai shrimp,Hokkai shrimp,Hokkai shrimp,Hokkai shrimp,Hokkai shrimp,Hokkai shrimp
PandalusPlatyceros,Spot shrimp,Spot shrimp,Spot shrimp,Spot shrimp,Spot shrimp,Spot shrimp,Spot shrimp,Spot shrimp,Spot shrimp,Spot shrimp,Spot shrimp
PenaeusJaponicus,Kuruma prawn,Kuruma prawn,Kuruma prawn,Kuruma prawn,Kuruma prawn,Kuruma prawn,Kuruma prawn,Kuruma prawn,Kuruma prawn,Kuruma prawn,Kuruma prawn
PenaeusMonodon,Giant tiger prawn,Giant tiger prawn,Giant tiger prawn,Giant tiger prawn,Giant tiger prawn,Giant tiger prawn,Giant tiger prawn,Giant tiger prawn,Giant tiger prawn,Giant tiger prawn,Giant tiger prawn
ProcambarusAlleni,Florida Crayfish,Florida Crayfish,Florida Crayfish,Florida Crayfish,Florida Crayfish,Florida Crayfish,Florida Crayfish,Florida Crayfish,Florida Crayfish,Florida Crayfish,Florida Crayfish
ProcambarusClarkii,Red swamp crawfish,Red swamp crawfish,Red swamp crawfish,Red swamp crawfish,Red swamp crawfish,Red swamp crawfish,Red swamp crawfish,Red swamp crawfish,Red swamp crawfish,Red swamp crawfish,Red swamp crawfish
SagmariasusVerreauxi,Green rock lobster,Green rock lobster,Green rock lobster,Green rock lobster,Green rock lobster,Green rock lobster,Green rock lobster,Green rock lobster,Green rock lobster,Green rock lobster,Green rock lobster
ApolemichthysGriffisi,Griffis angelfish,Griffis angelfish,Griffis angelfish,Griffis angelfish,Griffis angelfish,Griffis angelfish,Griffis angelfish,Griffis angelfish,Griffis angelfish,Griffis angelfish,Griffis angelfish
ApolemichthysKingi,Tiger angelfish,Tiger angelfish,Tiger angelfish,Tiger angelfish,Tiger angelfish,Tiger angelfish,Tiger angelfish,Tiger angelfish,Tiger angelfish,Tiger angelfish,Tiger angelfish
ApolemichthysTrimaculatus,Threespot angelfish,Threespot angelfish,Threespot angelfish,Threespot angelfish,Threespot angelfish,Threespot angelfish,Threespot angelfish,Threespot angelfish,Threespot angelfish,Threespot angelfish,Threespot angelfish
ApolemichthysXanthotis,Yellow-ear angelfish,Yellow-ear angelfish,Yellow-ear angelfish,Yellow-ear angelfish,Yellow-ear angelfish,Yellow-ear angelfish,Yellow-ear angelfish,Yellow-ear angelfish,Yellow-ear angelfish,Yellow-ear angelfish,Yellow-ear angelfish
ApolemichthysXanthurus,Yellowtail angelfish,Yellowtail angelfish,Yellowtail angelfish,Yellowtail angelfish,Yellowtail angelfish,Yellowtail angelfish,Yellowtail angelfish,Yellowtail angelfish,Yellowtail angelfish,Yellowtail angelfish,Yellowtail angelfish
CentropygeAcanthops,Orangeback angelfish,Orangeback angelfish,Orangeback angelfish,Orangeback angelfish,Orangeback angelfish,Orangeback angelfish,Orangeback angelfish,Orangeback angelfish,Orangeback angelfish,Orangeback angelfish,Orangeback angelfish
CentropygeBicolor,Bicolor angelfish,Bicolor angelfish,Bicolor angelfish,Bicolor angelfish,Bicolor angelfish,Bicolor angelfish,Bicolor angelfish,Bicolor angelfish,Bicolor angelfish,Bicolor angelfish,Bicolor angelfish
CentropygeFerrugata,Rusty angelfish,Rusty angelfish,Rusty angelfish,Rusty angelfish,Rusty angelfish,Rusty angelfish,Rusty angelfish,Rusty angelfish,Rusty angelfish,Rusty angelfish,Rusty angelfish
CentropygeHeraldi,Yellow angelfish,Yellow angelfish,Yellow angelfish,Yellow angelfish,Yellow angelfish,Yellow angelfish,Yellow angelfish,Yellow angelfish,Yellow angelfish,Yellow angelfish,Yellow angelfish
CentropygeJoculator,Yellowhead angelfish,Yellowhead angelfish,Yellowhead angelfish,Yellowhead angelfish,Yellowhead angelfish,Yellowhead angelfish,Yellowhead angelfish,Yellowhead angelfish,Yellowhead angelfish,Yellowhead angelfish,Yellowhead angelfish
CentropygeMultispinis,Dusky angelfish,Dusky angelfish,Dusky angelfish,Dusky angelfish,Dusky angelfish,Dusky angelfish,Dusky angelfish,Dusky angelfish,Dusky angelfish,Dusky angelfish,Dusky angelfish
CentropygeShepardi,Mango angelfish,Mango angelfish,Mango angelfish,Mango angelfish,Mango angelfish,Mango angelfish,Mango angelfish,Mango angelfish,Mango angelfish,Mango angelfish,Mango angelfish
CentropygeTibicen,Keyhole angelfish,Keyhole angelfish,Keyhole angelfish,Keyhole angelfish,Keyhole angelfish,Keyhole angelfish,Keyhole angelfish,Keyhole angelfish,Keyhole angelfish,Keyhole angelfish,Keyhole angelfish
ChaetodonMarleyi,Doublesash butterflyfish,Doublesash butterflyfish,Doublesash butterflyfish,Doublesash butterflyfish,Doublesash butterflyfish,Doublesash butterflyfish,Doublesash butterflyfish,Doublesash butterflyfish,Doublesash butterflyfish,Doublesash butterflyfish,Doublesash butterflyfish
ChaetodonMitratus,Indian butterflyfish,Indian butterflyfish,Indian butterflyfish,Indian butterflyfish,Indian butterflyfish,Indian butterflyfish,Indian butterflyfish,Indian butterflyfish,Indian butterflyfish,Indian butterflyfish,Indian butterflyfish
ChaetodonTrifasciatus,Melon butterflyfish,Melon butterflyfish,Melon butterflyfish,Melon butterflyfish,Melon butterflyfish,Melon butterflyfish,Melon butterflyfish,Melon butterflyfish,Melon butterflyfish,Melon butterflyfish,Melon butterflyfish
ChaetodonUnimaculatus,Teardrop butterflyfish,Teardrop butterflyfish,Teardrop butterflyfish,Teardrop butterflyfish,Teardrop butterflyfish,Teardrop butterflyfish,Teardrop butterflyfish,Teardrop butterflyfish,Teardrop butterflyfish,Teardrop butterflyfish,Teardrop butterflyfish
ChaetodonZanzibarensis,Zanzibar butterflyfish,Zanzibar butterflyfish,Zanzibar butterflyfish,Zanzibar butterflyfish,Zanzibar butterflyfish,Zanzibar butterflyfish,Zanzibar butterflyfish,Zanzibar butterflyfish,Zanzibar butterflyfish,Zanzibar butterflyfish,Zanzibar butterflyfish
CoradionChrysozonus,Goldengirdled coralfish,Goldengirdled coralfish,Goldengirdled coralfish,Goldengirdled coralfish,Goldengirdled coralfish,Goldengirdled coralfish,Goldengirdled coralfish,Goldengirdled coralfish,Goldengirdled coralfish,Goldengirdled coralfish,Goldengirdled coralfish
HemitaurichthysPolylepis,Pyramid butterflyfish,Pyramid butterflyfish,Pyramid butterflyfish,Pyramid butterflyfish,Pyramid butterflyfish,Pyramid butterflyfish,Pyramid butterflyfish,Pyramid butterflyfish,Pyramid butterflyfish,Pyramid butterflyfish,Pyramid butterflyfish
HemitaurichthysThompsoni,Thompson's butterflyfish,Thompson's butterflyfish,Thompson's butterflyfish,Thompson's butterflyfish,Thompson's butterflyfish,Thompson's butterflyfish,Thompson's butterflyfish,Thompson's butterflyfish,Thompson's butterflyfish,Thompson's butterflyfish,Thompson's butterflyfish
HemitaurichthysZoster,Brown-and-white butterflyfish,Brown-and-white butterflyfish,Brown-and-white butterflyfish,Brown-and-white butterflyfish,Brown-and-white butterflyfish,Brown-and-white butterflyfish,Brown-and-white butterflyfish,Brown-and-white butterflyfish,Brown-and-white butterflyfish,Brown-and-white butterflyfish,Brown-and-white butterflyfish
ChaetodontoplusMesoleucus,Vermiculated angelfish,Vermiculated angelfish,Vermiculated angelfish,Vermiculated angelfish,Vermiculated angelfish,Vermiculated angelfish,Vermiculated angelfish,Vermiculated angelfish,Vermiculated angelfish,Vermiculated angelfish,Vermiculated angelfish
ChaetodontoplusNiger,Black angelfish,Black angelfish,Black angelfish,Black angelfish,Black angelfish,Black angelfish,Black angelfish,Black angelfish,Black angelfish,Black angelfish,Black angelfish
ChaetodontoplusSeptentrionalis,Bluestriped angelfish,Bluestriped angelfish,Bluestriped angelfish,Bluestriped angelfish,Bluestriped angelfish,Bluestriped angelfish,Bluestriped angelfish,Bluestriped angelfish,Bluestriped angelfish,Bluestriped angelfish,Bluestriped angelfish
GenicanthusBellusMale,Ornate angelfish,Ornate angelfish,Ornate angelfish,Ornate angelfish,Ornate angelfish,Ornate angelfish,Ornate angelfish,Ornate angelfish,Ornate angelfish,Ornate angelfish,Ornate angelfish
GenicanthusBellusFemale,Ornate angelfish,Ornate angelfish,Ornate angelfish,Ornate angelfish,Ornate angelfish,Ornate angelfish,Ornate angelfish,Ornate angelfish,Ornate angelfish,Ornate angelfish,Ornate angelfish
GenicanthusMelanospilosMale,Spotbreast angelfish,Spotbreast angelfish,Spotbreast angelfish,Spotbreast angelfish,Spotbreast angelfish,Spotbreast angelfish,Spotbreast angelfish,Spotbreast angelfish,Spotbreast angelfish,Spotbreast angelfish,Spotbreast angelfish
GenicanthusMelanospilosFemale,Spotbreast angelfish,Spotbreast angelfish,Spotbreast angelfish,Spotbreast angelfish,Spotbreast angelfish,Spotbreast angelfish,Spotbreast angelfish,Spotbreast angelfish,Spotbreast angelfish,Spotbreast angelfish,Spotbreast angelfish
GenicanthusSemifasciatus,Japanese swallow,Japanese swallow,Japanese swallow,Japanese swallow,Japanese swallow,Japanese swallow,Japanese swallow,Japanese swallow,Japanese swallow,Japanese swallow,Japanese swallow
GenicanthusWatanabeiMale,Blackedged angelfish,Blackedged angelfish,Blackedged angelfish,Blackedged angelfish,Blackedged angelfish,Blackedged angelfish,Blackedged angelfish,Blackedged angelfish,Blackedged angelfish,Blackedged angelfish,Blackedged angelfish
GenicanthusWatanabeiFemale,Blackedged angelfish,Blackedged angelfish,Blackedged angelfish,Blackedged angelfish,Blackedged angelfish,Blackedged angelfish,Blackedged angelfish,Blackedged angelfish,Blackedged angelfish,Blackedged angelfish,Blackedged angelfish
PomacanthusAnnularisAdult,Bluering angelfish,Bluering angelfish,Bluering angelfish,Bluering angelfish,Bluering angelfish,Bluering angelfish,Bluering angelfish,Bluering angelfish,Bluering angelfish,Bluering angelfish,Bluering angelfish
PomacanthusMaculosusAdult,Yellowbar angelfish,Yellowbar angelfish,Yellowbar angelfish,Yellowbar angelfish,Yellowbar angelfish,Yellowbar angelfish,Yellowbar angelfish,Yellowbar angelfish,Yellowbar angelfish,Yellowbar angelfish,Yellowbar angelfish
PomacanthusMaculosusJuvenile,Yellowbar angelfish,Yellowbar angelfish,Yellowbar angelfish,Yellowbar angelfish,Yellowbar angelfish,Yellowbar angelfish,Yellowbar angelfish,Yellowbar angelfish,Yellowbar angelfish,Yellowbar angelfish,Yellowbar angelfish
PomacanthusRhomboides,Old woman angelfish,Old woman angelfish,Old woman angelfish,Old woman angelfish,Old woman angelfish,Old woman angelfish,Old woman angelfish,Old woman angelfish,Old woman angelfish,Old woman angelfish,Old woman angelfish
PomacanthusSemicirculatusAdult,Semicircle angelfish,Semicircle angelfish,Semicircle angelfish,Semicircle angelfish,Semicircle angelfish,Semicircle angelfish,Semicircle angelfish,Semicircle angelfish,Semicircle angelfish,Semicircle angelfish,Semicircle angelfish
PomacanthusSemicirculatusJuvenile,Semicircle angelfish,Semicircle angelfish,Semicircle angelfish,Semicircle angelfish,Semicircle angelfish,Semicircle angelfish,Semicircle angelfish,Semicircle angelfish,Semicircle angelfish,Semicircle angelfish,Semicircle angelfish
AcanthochromisPolyacanthusGreen,Spiny chromis,Spiny chromis,Spiny chromis,Spiny chromis,Spiny chromis,Spiny chromis,Spiny chromis,Spiny chromis,Spiny chromis,Spiny chromis,Spiny chromis
AcanthochromisPolyacanthusBlue,Spiny chromis,Spiny chromis,Spiny chromis,Spiny chromis,Spiny chromis,Spiny chromis,Spiny chromis,Spiny chromis,Spiny chromis,Spiny chromis,Spiny chromis
AcanthochromisPolyacanthusBrown,Spiny chromis,Spiny chromis,Spiny chromis,Spiny chromis,Spiny chromis,Spiny chromis,Spiny chromis,Spiny chromis,Spiny chromis,Spiny chromis,Spiny chromis
AmphiprionPerideraion,Pink anemonefish,Pink anemonefish,Pink anemonefish,Pink anemonefish,Pink anemonefish,Pink anemonefish,Pink anemonefish,Pink anemonefish,Pink anemonefish,Pink anemonefish,Pink anemonefish
ChromisLepidolepis,Scaly chromis,Scaly chromis,Scaly chromis,Scaly chromis,Scaly chromis,Scaly chromis,Scaly chromis,Scaly chromis,Scaly chromis,Scaly chromis,Scaly chromis
DascyllusAlbisella,Hawaiian dascyllus,Hawaiian dascyllus,Hawaiian dascyllus,Hawaiian dascyllus,Hawaiian dascyllus,Hawaiian dascyllus,Hawaiian dascyllus,Hawaiian dascyllus,Hawaiian dascyllus,Hawaiian dascyllus,Hawaiian dascyllus
PomacentrusPavo,Sapphire damsel,Sapphire damsel,Sapphire damsel,Sapphire damsel,Sapphire damsel,Sapphire damsel,Sapphire damsel,Sapphire damsel,Sapphire damsel,Sapphire damsel,Sapphire damsel